<?xml version="1.0" encoding="utf-8"?>
<project contentVersion="2">
  <properties>
    <param name="Name" value="TestImportCuttingJob2" />
    <param name="Machine" value="4711" />
    <param name="Parameter" />
    <param name="UnitOfLength" value="mm" />
    <param name="Type" value="Cutting" />
  </properties>
  <orders>
    <order>
      <properties>
        <param name="OrderName" value="Smith bathroom" />
        <param name="CustomerName" value="Smith, Simon" />
        <param name="OrderDate" value="2020-02-16T19:01:03.9866667Z"/>
      </properties>
      <images />
      <entities>
        <entity>
          <properties>
            <param name="Type" value="OrderItem" />
            <param name="ArticleDescription" value="Pos 01" />
          </properties>
          <entities>
            <entity>
              <properties>
                <param name="Type" value="ProductionOrder" />
                <param name="ArticleNumber" value="spabes16weiss"/>
                <param name="ArticleDescription" value="DRESSER-TOP" />
                <param name="Material" value="MFC18-OAK" />
                <param name="Length" value="1000.0" />
                <param name="Width" value="600.0" />
                <param name="Thickness" value="18" />
                <param name="Quantity" value="2" />
                <param name="MaximumQuantity" value="4" />
                <param name="Grain" value="Lengthwise" />
                <param name="FinishLength" value="762.0"/>
                <param name="FinishWidth" value="553.0"/>
                <param name="EdgeFront" value="EF"/>
                <param name="EdgeRight" value="ER"/>
                <param name="EdgeBack" value="EB"/>
                <param name="EdgeLeft" value="EL"/>
                <param name="FrontLaminate" value="FL"/>
                <param name="BackLaminate" value="BL"/>
                <param name="EdgeDiagram" value="011:011:000:000"/>
                <param name="CncProgramName1" value="CNC1"/>
                <param name="CncProgramName2" value="CNC2"/>
                <param name="ProductionRoute" value="route"/>
                <param name="PartFamily" value="familiy"/>
                <param name="LabelLayoutName" value="labelLayout"/>
                <param name="LabelDemand" value="1"/>
              </properties>
              <images />
              <entities />
            </entity>
          </entities>
        </entity>
        <entity>
          <properties>
            <param name="Type" value="ProductionOrder" />
            <param name="ArticleDescription" value="DRESSER-BACK" />
            <param name="Material" value="MFC18-OAK" />
            <param name="Length" value="964.0" />
            <param name="Width" value="1082.0" />
            <param name="Thickness" value="18" />
            <param name="Quantity" value="2" />
            <param name="MaximumQuantity" value="2" />
            <param name="Grain" value="Lengthwise" />
          </properties>
          <images />
          <entities />
        </entity>
      </entities>
    </order>
  </orders>
  <materials>
    <material>
      <properties>
        <param name="Type" value="Boards" />
      </properties>
      <entities>
        <entity>
          <properties>
            <param name="Type" value="BoardType" />
            <param name="Material" value="MFC18-OAK" />
            <param name="Thickness" value="18" />
            <param name="Material" value="MFC18-OAK" />
            <param name="Code" value="MFC18-OAK-01" />
            <param name="Length" value="3050.0" />
            <param name="Width" value="1220" />
            <param name="Quantity" value="426" />
            <param name="Grain" value="Lengthwise" />
          </properties>
        </entity>
      </entities>
    </material>
  </materials>
</project>