Description;Quantity;Material;Angle;Length ;Width ;Thickness;Article number
101-PRT00010001;1;P2_Gold Craft Oak_19;90;600;400;19;7411
102-PRT00010002;1;P2_Gold Craft Oak_19;90;600;400;19;7411
103-PRT00010003;1;P2_Gold Craft Oak_19;90;600;400;19;7411
104-PRT00010004;1;P2_Gold Craft Oak_19;90;600;400;19;7411
105-PRT00010011;1;P2_Gold Craft Oak_19;90;600;400;19;7411
106-PRT00010012;1;P2_Gold Craft Oak_19;90;600;400;19;7411
107-PRT00010015;1;P2_Gold Craft Oak_19;90;600;400;19;7411
108-PRT00010032;1;P2_Gold Craft Oak_19;90;600;400;19;7411
109-PRT00010033;1;P2_Gold Craft Oak_19;90;600;400;19;7411
110-PRT00010034;1;P2_Gold Craft Oak_19;90;600;400;19;7411
111-PRT00010035;1;P2_Gold Craft Oak_19;90;600;400;19;7411
112-PRT00010042;1;P2_Gold Craft Oak_19;90;600;400;19;7411
113-PRT00010043;1;P2_Gold Craft Oak_19;90;600;400;19;7411
114-PRT00010058;1;P2_Gold Craft Oak_19;90;600;400;19;7411
115-PRT00010059;1;P2_Gold Craft Oak_19;90;600;400;19;7411
