﻿<?xml version="1.0" encoding="utf-8"?>
<project contentVersion="2">
  <properties>
    <param name="Name" value="Test job" />
    <param name="Machine" value="e3c196fb-b1ec-4038-b88b-4434fd578b18" />
    <param name="Parameter" />
    <param name="UnitOfLength" value="mm" />
    <param name="Type" value="Nesting" />
  </properties>
  <orders>
    <order>
      <properties>
        <param name="OrderName" value="MaterialAssistEdge19_2020" />
        <param name="CustomerName" value="Homag" />
        <param name="OrderDate" value="2020-02-16T19:01:03.9866667Z"/>
		<param name="Quantity" value="1" />
      </properties>
      <images />
      <entities>
        <entity>
          <properties>
            <param name="Type" value="OrderItem" />
            <param name="ArticleDescription" value="DRESSER-TOP" />
            <param name="OrderItemNumber" value="1" />
			<param name="ArticleNumber" value="4711" />
			<param name="Quantity" value="1"/>
          </properties>
          <entities>
            <entity>
              <properties>
                <param name="Type" value="ProductionOrder" />
                <param name="ArticleDescription" value="MaterialAssistEdge" />
                <param name="Material" value="iX_MDF05_Raw" />
                <param name="Length" value="810.0" />
                <param name="Width" value="485.0" />
                <param name="Thickness" value="5.0" />
                <param name="Quantity" value="1" />
                <param name="MaximumQuantity" value="1" />
                <param name="Grain" value="NoGrain" />
                <param name="EdgeFront" value="" />
                <param name="EdgeBack" value="" />
                <param name="EdgeRight" value="" />
                <param name="EdgeLeft" value="" />
                <param name="EdgeDiagram" value=":::" />
                <param name="FinishLength" />
                <param name="FinishWidth" />
                <!-- This file (CncProgramName) will be used for the nesting job -->
                <param name="CncProgramName" value="mprs/Pentagon.mpr" />
                <param name="CncProgramName1" value="Material1015" />
                <param name="CncProgramName2" value="" />
                <param name="ArticleNumber" value="001_49153" />
                <param name="ProductionRoute" value="1_SAEQ_X|2_CEEQ_P|" />
                <param name="LabelLayoutName" value="" />
              </properties>
              <images>
				<image>
					<properties>
					  <param name="Category" value="MPR"/>
					  <param name="Description" value="Pentagon"/>
					  <param name="OriginalFileName" value="Pentagon.mpr"/>
					  <param name="ImageLinkBinary" value="mprs/Pentagon.mpr"/>
					</properties>
				</image>
              </images>
              <entities />
            </entity>
          </entities>
        </entity>
      </entities>
    </order>
  </orders>
</project>
