<?xml version="1.0" encoding="utf-8"?>
<project contentVersion="2">
  <properties>
    <param name="Name" value="Optimierungsauftrag 1 Stacking" />
    <param name="UnitOfLength" value="mm" />
    <param name="Type" value="Cutting" />
  </properties>
  <orders>
    <order>
	    <images />
		<entities>
			<entity>
				<entities>
					<entity>
						<properties>
							<param name="Type" value="ProductionOrder" />
							<param name="ArticleDescription" value="Teil 1" />
							<param name="Material" value="P2_Gold_Craft_Oak_19.0" />
							<param name="Length" value="1000.0" />
							<param name="Width" value="600.0" />
							<param name="Thickness" value="18" />
							<param name="Quantity" value="2" />
							<param name="Grain" value="Lengthwise" />
							<param name="EdgeFront" value="PP_Oak_bright_1.3_22_HM"/>
							<param name="EdgeRight" value="PP_Oak_bright_1.3_22_HM"/>
							<param name="EdgeBack" value="PP_Oak_bright_1.3_22_HM"/>
							<param name="EdgeLeft" value="PP_Oak_bright_1.3_22_HM"/>
							<param name="Abstapelgruppe" value="1"/>
						</properties>
						<images />
						<entities />
					</entity>
					<entity>
						<properties>
							<param name="Type" value="ProductionOrder" />
							<param name="ArticleDescription" value="Teil 2" />
							<param name="Material" value="P2_Gold_Craft_Oak_19.0" />
							<param name="Length" value="1200.0" />
							<param name="Width" value="600.0" />
							<param name="Thickness" value="18" />
							<param name="Quantity" value="1" />
							<param name="Grain" value="Lengthwise" />
							<param name="EdgeFront" value="PP_Oak_bright_1.3_22_HM"/>
							<param name="EdgeRight" value="PP_Oak_bright_1.3_22_HM"/>
							<param name="EdgeBack" value="PP_Oak_bright_1.3_22_HM"/>
							<param name="EdgeLeft" value="PP_Oak_bright_1.3_22_HM"/>
							<param name="Abstapelgruppe" value="2"/>
						</properties>
						<images />
						<entities />
					</entity>
				</entities>
			</entity>
		</entities>
    </order>
  </orders>
</project>
