<?xml version="1.0" encoding="UTF-8"?>
<project xmlns:xsi="http://www.w3.org/2001/XMLSchema-instance" xsi:schemaLocation="http://schemas.datacontract.org/2004/07/HomagGroup.ProductionManager.Core.Logic.Import ImportExport.xsd" xmlns="http://schemas.datacontract.org/2004/07/HomagGroup.ProductionManager.Core.Logic.Import" >
  <orders>
    <order>
      <properties>
        <param name="OrderName" value="2019000360" />
        <param name="OrderDate" value="2020-02-17T19:00:28.66Z" />
        <param name="DeliveryDate" value="2020-02-25T19:00:28.66Z" />
        <param name="AddressField1" value=" " />
        <param name="AddressField3" value=" " />
      </properties>
      <images />
      <entities>
        <entity>
          <properties>
            <param name="Typ" value="OrderItem" />
            <param name="Barcode" value="10248651" />
            <param name="ArticleNumber" value="49153" />
            <param name="ArticleDescription" value="ifout" />
            <param name="ArticleGroup" value="Assembly unit" />
            <param name="StartDatePlanned" value="2020-02-17T19:00:28.6633333Z" />
            <param name="Quantity" value="1.00000" />
            <param name="QuantityUnit" value="pcs" />
            <param name="Length" value="600.00000" />
            <param name="Width" value="2000.00000" />
            <param name="Thickness" value="500.00000" />
            <param name="Grain" value="NoGrain" />
          </properties>
          <images>
            <image>
              <properties>
                <param name="Category" value="RenderedImage" />
                <param name="Description" value="ART_OVERVIEW" />
                <param name="OriginalFileName" value="49153.jpg" />
                <param name="ImageLinkPicture" value="Images\49153.jpg.Cropped.png" />
              </properties>
            </image>
            <image>
              <properties>
                <param name="Category" value="OverviewImage" />
                <param name="Description" value="RENDERD" />
                <param name="OriginalFileName" value="image.jpg" />
                <param name="ImageLinkPicture" value="Images\image.jpg.Cropped.png" />
              </properties>
            </image>
          </images>
          <entities>
            <entity>
              <properties>
                <param name="Typ" value="ProductionOrder" />
                <param name="Barcode" value="10248659" />
                <param name="ArticleNumber" value="16392" />
                <param name="ArticleDescription" value="Partition" />
                <param name="ArticleGroup" value="Side panel" />
                <param name="StartDatePlanned" value="2020-02-17T19:00:28.6633333Z" />
                <param name="Quantity" value="1.00000" />
                <param name="QuantityUnit" value="pcs" />
                <param name="Length" value="252.50000" />
                <param name="Width" value="500.00000" />
                <param name="Thickness" value="19.00000" />
                <param name="Grain" value="Lengthwise" />
                <param name="Material" value="HG_MAT_PB" />
                <param name="EdgeDiagramm" value=":::" />
                <param name="FrontLaminate" value="EG_U114_ST15_NF" />
                <param name="BackLaminate" value="EG_U114_ST15_NF" />
                <param name="EdgeFront" value="EG_U999_ST2_2" />
                <param name="EdgeRight" value="EG_U999_ST2_2" />
                <param name="EdgeBack" value="EG_U999_ST2_2" />
                <param name="EdgeLeft" value="EG_U999_ST2_2" />
              </properties>
              <images>
                <image>
                  <properties>
                    <param name="Category" value="OverviewImage" />
                    <param name="Description" value="PART" />
                    <param name="OriginalFileName" value="16392.jpg" />
                    <param name="ImageLinkPicture" value="Images\16392.jpg.Cropped.png" />
                  </properties>
                </image>
                <image>
                  <properties>
                    <param name="Category" value="MPR" />
                    <param name="Description" value="MPR" />
                    <param name="OriginalFileName" value="WF_1/PART1008_01.mpr" />
                    <param name="ImageLinkBinary" value="Images\PART1008_01.mpr" />
                    <param name="ImageLinkPicture" value="Images\PART1008_01.mpr.Default.png" />
                  </properties>
                </image>
                <image>
                  <properties>
                    <param name="Category" value="ReportLabel" />
                    <param name="Description" value="Label" />
                    <param name="OriginalFileName" value="10248659_lbl.pdf" />
                    <param name="ImageLinkBinary" value="Images\10248659_lbl.pdf" />
                    <param name="ImageLinkPicture" value="Images\10248659_lbl.pdf.Default.png" />
                  </properties>
                </image>
              </images>
            </entity>
            <entity>
              <properties>
                <param name="Typ" value="ProductionOrder" />
                <param name="Barcode" value="10248652" />
                <param name="ArticleNumber" value="16385" />
                <param name="ArticleDescription" value="Work Surface" />
                <param name="ArticleGroup" value="Top panel" />
                <param name="StartDatePlanned" value="2020-02-17T19:00:28.6633333Z" />
                <param name="Quantity" value="1.00000" />
                <param name="QuantityUnit" value="pcs" />
                <param name="Length" value="2020.00000" />
                <param name="Width" value="540.00000" />
                <param name="Thickness" value="38.00000" />
                <param name="Grain" value="Lengthwise" />
                <param name="Material" value="HG_MAT_PB" />
                <param name="EdgeDiagramm" value=":::" />
                <param name="FrontLaminate" value="iX_HPL_White_G" />
                <param name="BackLaminate" value="iX_HPL_White_G" />
                <param name="EdgeFront" value="iX_ABS_White_2mm_H" />
                <param name="EdgeRight" value="iX_ABS_White_2mm_H" />
                <param name="EdgeBack" value="iX_ABS_White_2mm_H" />
                <param name="EdgeLeft" value="iX_ABS_White_2mm_H" />
              </properties>
              <images>
                <image>
                  <properties>
                    <param name="Category" value="OverviewImage" />
                    <param name="Description" value="PART" />
                    <param name="OriginalFileName" value="16385.jpg" />
                    <param name="ImageLinkPicture" value="Images\16385.jpg.Cropped.png" />
                  </properties>
                </image>
                <image>
                  <properties>
                    <param name="Category" value="ReportLabel" />
                    <param name="Description" value="Label" />
                    <param name="OriginalFileName" value="10248652_lbl.pdf" />
                    <param name="ImageLinkBinary" value="Images\10248652_lbl.pdf" />
                    <param name="ImageLinkPicture" value="Images\10248652_lbl.pdf.Default.png" />
                  </properties>
                </image>
              </images>
            </entity>
            <entity>
              <properties>
                <param name="Typ" value="ProductionOrder" />
                <param name="Barcode" value="10248653" />
                <param name="ArticleNumber" value="16386" />
                <param name="ArticleDescription" value="Side Panel Right" />
                <param name="ArticleGroup" value="Side panel" />
                <param name="StartDatePlanned" value="2020-02-17T19:00:28.6633333Z" />
                <param name="Quantity" value="1.00000" />
                <param name="QuantityUnit" value="pcs" />
                <param name="Length" value="562.00000" />
                <param name="Width" value="500.00000" />
                <param name="Thickness" value="19.00000" />
                <param name="Grain" value="Lengthwise" />
                <param name="Material" value="HG_MAT_PB" />
                <param name="EdgeDiagramm" value=":::" />
                <param name="FrontLaminate" value="EG_U114_ST15_NF" />
                <param name="BackLaminate" value="EG_U114_ST15_NF" />
                <param name="EdgeFront" value="EG_U999_ST2_2" />
                <param name="EdgeRight" value="EG_U999_ST2_2" />
                <param name="EdgeBack" value="EG_U999_ST2_2" />
                <param name="EdgeLeft" value="EG_U999_ST2_2" />
              </properties>
              <images>
                <image>
                  <properties>
                    <param name="Category" value="OverviewImage" />
                    <param name="Description" value="PART" />
                    <param name="OriginalFileName" value="16386.jpg" />
                    <param name="ImageLinkPicture" value="Images\16386.jpg.Cropped.png" />
                  </properties>
                </image>
                <image>
                  <properties>
                    <param name="Category" value="MPR" />
                    <param name="Description" value="MPR" />
                    <param name="OriginalFileName" value="WF_1/PART1002_01.mpr" />
                    <param name="ImageLinkBinary" value="Images\PART1002_01.mpr" />
                    <param name="ImageLinkPicture" value="Images\PART1002_01.mpr.Default.png" />
                  </properties>
                </image>
                <image>
                  <properties>
                    <param name="Category" value="ReportLabel" />
                    <param name="Description" value="Label" />
                    <param name="OriginalFileName" value="10248653_lbl.pdf" />
                    <param name="ImageLinkBinary" value="Images\10248653_lbl.pdf" />
                    <param name="ImageLinkPicture" value="Images\10248653_lbl.pdf.Default.png" />
                  </properties>
                </image>
              </images>
            </entity>
            <entity>
              <properties>
                <param name="Typ" value="ProductionOrder" />
                <param name="Barcode" value="10248657" />
                <param name="ArticleNumber" value="16390" />
                <param name="ArticleDescription" value="Fixed shelf" />
                <param name="ArticleGroup" value="Fixed shelf" />
                <param name="StartDatePlanned" value="2020-02-17T19:00:28.6633333Z" />
                <param name="Quantity" value="1.00000" />
                <param name="QuantityUnit" value="pcs" />
                <param name="Length" value="1962.00000" />
                <param name="Width" value="500.00000" />
                <param name="Thickness" value="19.00000" />
                <param name="Grain" value="Lengthwise" />
                <param name="Material" value="PB" />
                <param name="EdgeDiagramm" value=":::" />
                <param name="FrontLaminate" value="EG_U114_ST15_NF" />
                <param name="BackLaminate" value="EG_U114_ST15_NF" />
                <param name="EdgeFront" value="EG_U999_ST2_2" />
                <param name="EdgeRight" value="EG_U999_ST2_2" />
                <param name="EdgeBack" value="EG_U999_ST2_2" />
                <param name="EdgeLeft" value="EG_U999_ST2_2" />
              </properties>
              <images>
                <image>
                  <properties>
                    <param name="Category" value="OverviewImage" />
                    <param name="Description" value="PART" />
                    <param name="OriginalFileName" value="16390.jpg" />
                    <param name="ImageLinkPicture" value="Images\16390.jpg.Cropped.png" />
                  </properties>
                </image>
                <image>
                  <properties>
                    <param name="Category" value="MPR" />
                    <param name="Description" value="MPR" />
                    <param name="OriginalFileName" value="WF_1/PART1006_01.mpr" />
                    <param name="ImageLinkBinary" value="Images\PART1006_01.mpr" />
                    <param name="ImageLinkPicture" value="Images\PART1006_01.mpr.Default.png" />
                  </properties>
                </image>
                <image>
                  <properties>
                    <param name="Category" value="MPR" />
                    <param name="Description" value="MPR" />
                    <param name="OriginalFileName" value="WF_1/PART1006_02.mpr" />
                    <param name="ImageLinkBinary" value="Images\PART1006_02.mpr" />
                    <param name="ImageLinkPicture" value="Images\PART1006_02.mpr.Default.png" />
                  </properties>
                </image>
                <image>
                  <properties>
                    <param name="Category" value="ReportLabel" />
                    <param name="Description" value="Label" />
                    <param name="OriginalFileName" value="10248657_lbl.pdf" />
                    <param name="ImageLinkBinary" value="Images\10248657_lbl.pdf" />
                    <param name="ImageLinkPicture" value="Images\10248657_lbl.pdf.Default.png" />
                  </properties>
                </image>
              </images>
            </entity>
            <entity>
              <properties>
                <param name="Typ" value="ProductionOrder" />
                <param name="Barcode" value="10248658" />
                <param name="ArticleNumber" value="16391" />
                <param name="ArticleDescription" value="Partition" />
                <param name="ArticleGroup" value="Side panel" />
                <param name="StartDatePlanned" value="2020-02-17T19:00:28.6633333Z" />
                <param name="Quantity" value="1.00000" />
                <param name="QuantityUnit" value="pcs" />
                <param name="Length" value="252.50000" />
                <param name="Width" value="500.00000" />
                <param name="Thickness" value="19.00000" />
                <param name="Grain" value="Lengthwise" />
                <param name="Material" value="HG_MAT_PB" />
                <param name="EdgeDiagramm" value=":::" />
                <param name="FrontLaminate" value="EG_U114_ST15_NF" />
                <param name="BackLaminate" value="EG_U114_ST15_NF" />
                <param name="EdgeFront" value="EG_U999_ST2_2" />
                <param name="EdgeRight" value="EG_U999_ST2_2" />
                <param name="EdgeBack" value="EG_U999_ST2_2" />
                <param name="EdgeLeft" value="EG_U999_ST2_2" />
              </properties>
              <images>
                <image>
                  <properties>
                    <param name="Category" value="OverviewImage" />
                    <param name="Description" value="PART" />
                    <param name="OriginalFileName" value="16391.jpg" />
                    <param name="ImageLinkPicture" value="Images\16391.jpg.Cropped.png" />
                  </properties>
                </image>
                <image>
                  <properties>
                    <param name="Category" value="MPR" />
                    <param name="Description" value="MPR" />
                    <param name="OriginalFileName" value="WF_1/PART1007_01.mpr" />
                    <param name="ImageLinkBinary" value="Images\PART1007_01.mpr" />
                    <param name="ImageLinkPicture" value="Images\PART1007_01.mpr.Default.png" />
                  </properties>
                </image>
                <image>
                  <properties>
                    <param name="Category" value="ReportLabel" />
                    <param name="Description" value="Label" />
                    <param name="OriginalFileName" value="10248658_lbl.pdf" />
                    <param name="ImageLinkBinary" value="Images\10248658_lbl.pdf" />
                    <param name="ImageLinkPicture" value="Images\10248658_lbl.pdf.Default.png" />
                  </properties>
                </image>
              </images>
            </entity>
            <entity>
              <properties>
                <param name="Typ" value="ProductionOrder" />
                <param name="Barcode" value="10248654" />
                <param name="ArticleNumber" value="16387" />
                <param name="ArticleDescription" value="Side Panel Left" />
                <param name="ArticleGroup" value="Side panel" />
                <param name="StartDatePlanned" value="2020-02-17T19:00:28.6633333Z" />
                <param name="Quantity" value="1.00000" />
                <param name="QuantityUnit" value="pcs" />
                <param name="Length" value="562.00000" />
                <param name="Width" value="500.00000" />
                <param name="Thickness" value="19.00000" />
                <param name="Grain" value="Lengthwise" />
                <param name="Material" value="HG_MAT_PB" />
                <param name="EdgeDiagramm" value=":::" />
                <param name="FrontLaminate" value="EG_U114_ST15_NF" />
                <param name="BackLaminate" value="EG_U114_ST15_NF" />
                <param name="EdgeFront" value="EG_U999_ST2_2" />
                <param name="EdgeRight" value="EG_U999_ST2_2" />
                <param name="EdgeBack" value="EG_U999_ST2_2" />
                <param name="EdgeLeft" value="EG_U999_ST2_2" />
              </properties>
              <images>
                <image>
                  <properties>
                    <param name="Category" value="OverviewImage" />
                    <param name="Description" value="PART" />
                    <param name="OriginalFileName" value="16387.jpg" />
                    <param name="ImageLinkPicture" value="Images\16387.jpg.Cropped.png" />
                  </properties>
                </image>
                <image>
                  <properties>
                    <param name="Category" value="MPR" />
                    <param name="Description" value="MPR" />
                    <param name="OriginalFileName" value="WF_1/PART1003_01.mpr" />
                    <param name="ImageLinkBinary" value="Images\PART1003_01.mpr" />
                    <param name="ImageLinkPicture" value="Images\PART1003_01.mpr.Default.png" />
                  </properties>
                </image>
                <image>
                  <properties>
                    <param name="Category" value="ReportLabel" />
                    <param name="Description" value="Label" />
                    <param name="OriginalFileName" value="10248654_lbl.pdf" />
                    <param name="ImageLinkBinary" value="Images\10248654_lbl.pdf" />
                    <param name="ImageLinkPicture" value="Images\10248654_lbl.pdf.Default.png" />
                  </properties>
                </image>
              </images>
            </entity>
            <entity>
              <properties>
                <param name="Typ" value="ProductionOrder" />
                <param name="Barcode" value="10248655" />
                <param name="ArticleNumber" value="16388" />
                <param name="ArticleDescription" value="Bottom shelf" />
                <param name="ArticleGroup" value="Fixed shelf" />
                <param name="StartDatePlanned" value="2020-02-17T19:00:28.6633333Z" />
                <param name="Quantity" value="1.00000" />
                <param name="QuantityUnit" value="pcs" />
                <param name="Length" value="1962.00000" />
                <param name="Width" value="500.00000" />
                <param name="Thickness" value="19.00000" />
                <param name="Grain" value="Lengthwise" />
                <param name="Material" value="HG_MAT_PB" />
                <param name="EdgeDiagramm" value=":::" />
                <param name="FrontLaminate" value="EG_U114_ST15_NF" />
                <param name="BackLaminate" value="EG_U114_ST15_NF" />
                <param name="EdgeFront" value="EG_U999_ST2_2" />
                <param name="EdgeRight" value="EG_U999_ST2_2" />
                <param name="EdgeBack" value="EG_U999_ST2_2" />
                <param name="EdgeLeft" value="EG_U999_ST2_2" />
              </properties>
              <images>
                <image>
                  <properties>
                    <param name="Category" value="OverviewImage" />
                    <param name="Description" value="PART" />
                    <param name="OriginalFileName" value="16388.jpg" />
                    <param name="ImageLinkPicture" value="Images\16388.jpg.Cropped.png" />
                  </properties>
                </image>
                <image>
                  <properties>
                    <param name="Category" value="MPR" />
                    <param name="Description" value="MPR" />
                    <param name="OriginalFileName" value="WF_1/PART1004_01.mpr" />
                    <param name="ImageLinkBinary" value="Images\PART1004_01.mpr" />
                    <param name="ImageLinkPicture" value="Images\PART1004_01.mpr.Default.png" />
                  </properties>
                </image>
                <image>
                  <properties>
                    <param name="Category" value="ReportLabel" />
                    <param name="Description" value="Label" />
                    <param name="OriginalFileName" value="10248655_lbl.pdf" />
                    <param name="ImageLinkBinary" value="Images\10248655_lbl.pdf" />
                    <param name="ImageLinkPicture" value="Images\10248655_lbl.pdf.Default.png" />
                  </properties>
                </image>
              </images>
            </entity>
            <entity>
              <properties>
                <param name="Typ" value="ProductionOrder" />
                <param name="Barcode" value="10248656" />
                <param name="ArticleNumber" value="16389" />
                <param name="ArticleDescription" value="Top shelf" />
                <param name="ArticleGroup" value="Fixed shelf" />
                <param name="StartDatePlanned" value="2020-02-17T19:00:28.6633333Z" />
                <param name="Quantity" value="1.00000" />
                <param name="QuantityUnit" value="pcs" />
                <param name="Length" value="1962.00000" />
                <param name="Width" value="500.00000" />
                <param name="Thickness" value="19.00000" />
                <param name="Grain" value="Lengthwise" />
                <param name="Material" value="HG_MAT_PB" />
                <param name="EdgeDiagramm" value=":::" />
                <param name="FrontLaminate" value="EG_U114_ST15_NF" />
                <param name="BackLaminate" value="EG_U114_ST15_NF" />
                <param name="EdgeFront" value="EG_U999_ST2_2" />
                <param name="EdgeRight" value="EG_U999_ST2_2" />
                <param name="EdgeBack" value="EG_U999_ST2_2" />
                <param name="EdgeLeft" value="EG_U999_ST2_2" />
              </properties>
              <images>
                <image>
                  <properties>
                    <param name="Category" value="OverviewImage" />
                    <param name="Description" value="PART" />
                    <param name="OriginalFileName" value="16389.jpg" />
                    <param name="ImageLinkPicture" value="Images\16389.jpg.Cropped.png" />
                  </properties>
                </image>
                <image>
                  <properties>
                    <param name="Category" value="MPR" />
                    <param name="Description" value="MPR" />
                    <param name="OriginalFileName" value="WF_1/PART1005_01.mpr" />
                    <param name="ImageLinkBinary" value="Images\PART1005_01.mpr" />
                    <param name="ImageLinkPicture" value="Images\PART1005_01.mpr.Default.png" />
                  </properties>
                </image>
                <image>
                  <properties>
                    <param name="Category" value="ReportLabel" />
                    <param name="Description" value="Label" />
                    <param name="OriginalFileName" value="10248656_lbl.pdf" />
                    <param name="ImageLinkBinary" value="Images\10248656_lbl.pdf" />
                    <param name="ImageLinkPicture" value="Images\10248656_lbl.pdf.Default.png" />
                  </properties>
                </image>
              </images>
            </entity>
            <entity>
              <properties>
                <param name="Typ" value="ProductionOrder" />
                <param name="Barcode" value="10248660" />
                <param name="ArticleNumber" value="16393" />
                <param name="ArticleDescription" value="Partition" />
                <param name="ArticleGroup" value="Side panel" />
                <param name="StartDatePlanned" value="2020-02-17T19:00:28.6633333Z" />
                <param name="Quantity" value="1.00000" />
                <param name="QuantityUnit" value="pcs" />
                <param name="Length" value="252.50000" />
                <param name="Width" value="500.00000" />
                <param name="Thickness" value="19.00000" />
                <param name="Grain" value="Lengthwise" />
                <param name="Material" value="HG_MAT_PB" />
                <param name="EdgeDiagramm" value=":::" />
                <param name="FrontLaminate" value="EG_U114_ST15_NF" />
                <param name="BackLaminate" value="EG_U114_ST15_NF" />
                <param name="EdgeFront" value="EG_U999_ST2_2" />
                <param name="EdgeRight" value="EG_U999_ST2_2" />
                <param name="EdgeBack" value="EG_U999_ST2_2" />
                <param name="EdgeLeft" value="EG_U999_ST2_2" />
              </properties>
              <images>
                <image>
                  <properties>
                    <param name="Category" value="OverviewImage" />
                    <param name="Description" value="PART" />
                    <param name="OriginalFileName" value="16393.jpg" />
                    <param name="ImageLinkPicture" value="Images\16393.jpg.Cropped.png" />
                  </properties>
                </image>
                <image>
                  <properties>
                    <param name="Category" value="MPR" />
                    <param name="Description" value="MPR" />
                    <param name="OriginalFileName" value="WF_1/PART1009_01.mpr" />
                    <param name="ImageLinkBinary" value="Images\PART1009_01.mpr" />
                    <param name="ImageLinkPicture" value="Images\PART1009_01.mpr.Default.png" />
                  </properties>
                </image>
                <image>
                  <properties>
                    <param name="Category" value="ReportLabel" />
                    <param name="Description" value="Label" />
                    <param name="OriginalFileName" value="10248660_lbl.pdf" />
                    <param name="ImageLinkBinary" value="Images\10248660_lbl.pdf" />
                    <param name="ImageLinkPicture" value="Images\10248660_lbl.pdf.Default.png" />
                  </properties>
                </image>
              </images>
            </entity>
            <entity>
              <properties>
                <param name="Typ" value="ProductionOrder" />
                <param name="Barcode" value="10248661" />
                <param name="ArticleNumber" value="16394" />
                <param name="ArticleDescription" value="Back Panel" />
                <param name="ArticleGroup" value="Back panel" />
                <param name="StartDatePlanned" value="2020-02-17T19:00:28.6633333Z" />
                <param name="Quantity" value="1.00000" />
                <param name="QuantityUnit" value="pcs" />
                <param name="Length" value="262.50000" />
                <param name="Width" value="1972.00000" />
                <param name="Thickness" value="19.00000" />
                <param name="Grain" value="Lengthwise" />
                <param name="Material" value="HG_MAT_PB" />
                <param name="EdgeDiagramm" value=":::" />
                <param name="FrontLaminate" value="EG_U114_ST15_NF" />
                <param name="BackLaminate" value="EG_U114_ST15_NF" />
                <param name="EdgeFront" value="EG_U999_ST2_2" />
                <param name="EdgeRight" value="EG_U999_ST2_2" />
                <param name="EdgeBack" value="EG_U999_ST2_2" />
                <param name="EdgeLeft" value="EG_U999_ST2_2" />
              </properties>
              <images>
                <image>
                  <properties>
                    <param name="Category" value="OverviewImage" />
                    <param name="Description" value="PART" />
                    <param name="OriginalFileName" value="16394.jpg" />
                    <param name="ImageLinkPicture" value="Images\16394.jpg.Cropped.png" />
                  </properties>
                </image>
                <image>
                  <properties>
                    <param name="Category" value="ReportLabel" />
                    <param name="Description" value="Label" />
                    <param name="OriginalFileName" value="10248661_lbl.pdf" />
                    <param name="ImageLinkBinary" value="Images\10248661_lbl.pdf" />
                    <param name="ImageLinkPicture" value="Images\10248661_lbl.pdf.Default.png" />
                  </properties>
                </image>
              </images>
            </entity>
            <entity>
              <properties>
                <param name="Typ" value="Component" />
                <param name="Barcode" value="10248662" />
                <param name="ArticleNumber" value="49178" />
                <param name="ArticleDescription" value="HG_Zargensystem" />
                <param name="StartDatePlanned" value="2020-02-17T19:00:28.6633333Z" />
                <param name="Quantity" value="1.00000" />
                <param name="QuantityUnit" value="pcs" />
                <param name="Length" value="0.00000" />
                <param name="Width" value="0.00000" />
                <param name="Thickness" value="0.00000" />
                <param name="Grain" value="NoGrain" />
              </properties>
              <images />
              <entities>
                <entity>
                  <properties>
                    <param name="Typ" value="ProductionOrder" />
                    <param name="Barcode" value="10248664" />
                    <param name="ArticleNumber" value="16395" />
                    <param name="ArticleDescription" value="Drawer front" />
                    <param name="ArticleGroup" value="Front" />
                    <param name="StartDatePlanned" value="2020-02-17T19:00:28.6633333Z" />
                    <param name="Quantity" value="1.00000" />
                    <param name="QuantityUnit" value="pcs" />
                    <param name="Length" value="246.50000" />
                    <param name="Width" value="470.25000" />
                    <param name="Thickness" value="20.60000" />
                    <param name="Grain" value="Lengthwise" />
                    <param name="Material" value="HG_MAT_PB" />
                    <param name="EdgeDiagramm" value=":::" />
                    <param name="FrontLaminate" value="iX_HPL_White_G" />
                    <param name="BackLaminate" value="iX_HPL_White_G" />
                    <param name="EdgeFront" value="EG_U999_ST2_2" />
                    <param name="EdgeRight" value="EG_U999_ST2_2" />
                    <param name="EdgeBack" value="EG_U999_ST2_2" />
                    <param name="EdgeLeft" value="EG_U999_ST2_2" />
                  </properties>
                  <images>
                    <image>
                      <properties>
                        <param name="Category" value="OverviewImage" />
                        <param name="Description" value="PART" />
                        <param name="OriginalFileName" value="16395.jpg" />
                        <param name="ImageLinkPicture" value="Images\16395.jpg.Cropped.png" />
                      </properties>
                    </image>
                    <image>
                      <properties>
                        <param name="Category" value="ReportLabel" />
                        <param name="Description" value="Label" />
                        <param name="OriginalFileName" value="10248664_lbl.pdf" />
                        <param name="ImageLinkBinary" value="Images\10248664_lbl.pdf" />
                        <param name="ImageLinkPicture" value="Images\10248664_lbl.pdf.Default.png" />
                      </properties>
                    </image>
                  </images>
                </entity>
                <entity>
                  <properties>
                    <param name="Typ" value="ProductionOrder" />
                    <param name="Barcode" value="10248665" />
                    <param name="ArticleNumber" value="16397" />
                    <param name="ArticleDescription" value="Schubkastenboden" />
                    <param name="StartDatePlanned" value="2020-02-17T19:00:28.6633333Z" />
                    <param name="Quantity" value="1.00000" />
                    <param name="QuantityUnit" value="pcs" />
                    <param name="Length" value="397.75000" />
                    <param name="Width" value="425.50000" />
                    <param name="Thickness" value="16.00000" />
                    <param name="Grain" value="NoGrain" />
                    <param name="EdgeDiagramm" value=":::" />
                  </properties>
                  <images>
                    <image>
                      <properties>
                        <param name="Category" value="OverviewImage" />
                        <param name="Description" value="PART" />
                        <param name="OriginalFileName" value="16397.jpg" />
                        <param name="ImageLinkPicture" value="Images\16397.jpg.Cropped.png" />
                      </properties>
                    </image>
                    <image>
                      <properties>
                        <param name="Category" value="ReportLabel" />
                        <param name="Description" value="Label" />
                        <param name="OriginalFileName" value="10248665_lbl.pdf" />
                        <param name="ImageLinkBinary" value="Images\10248665_lbl.pdf" />
                        <param name="ImageLinkPicture" value="Images\10248665_lbl.pdf.Default.png" />
                      </properties>
                    </image>
                  </images>
                </entity>
                <entity>
                  <properties>
                    <param name="Typ" value="ProductionOrder" />
                    <param name="Barcode" value="10248666" />
                    <param name="ArticleNumber" value="16398" />
                    <param name="ArticleDescription" value="Schubkastenseite" />
                    <param name="StartDatePlanned" value="2020-02-17T19:00:28.6633333Z" />
                    <param name="Quantity" value="1.00000" />
                    <param name="QuantityUnit" value="pcs" />
                    <param name="Length" value="386.25000" />
                    <param name="Width" value="176.00000" />
                    <param name="Thickness" value="16.00000" />
                    <param name="Grain" value="NoGrain" />
                    <param name="EdgeDiagramm" value=":::" />
                  </properties>
                  <images>
                    <image>
                      <properties>
                        <param name="Category" value="OverviewImage" />
                        <param name="Description" value="PART" />
                        <param name="OriginalFileName" value="16398.jpg" />
                        <param name="ImageLinkPicture" value="Images\16398.jpg.Cropped.png" />
                      </properties>
                    </image>
                    <image>
                      <properties>
                        <param name="Category" value="ReportLabel" />
                        <param name="Description" value="Label" />
                        <param name="OriginalFileName" value="10248666_lbl.pdf" />
                        <param name="ImageLinkBinary" value="Images\10248666_lbl.pdf" />
                        <param name="ImageLinkPicture" value="Images\10248666_lbl.pdf.Default.png" />
                      </properties>
                    </image>
                  </images>
                </entity>
              </entities>
            </entity>
            <entity>
              <properties>
                <param name="Typ" value="Component" />
                <param name="Barcode" value="10248663" />
                <param name="ArticleNumber" value="49180" />
                <param name="ArticleDescription" value="HG_Zargensystem" />
                <param name="StartDatePlanned" value="2020-02-17T19:00:28.6633333Z" />
                <param name="Quantity" value="1.00000" />
                <param name="QuantityUnit" value="pcs" />
                <param name="Length" value="0.00000" />
                <param name="Width" value="0.00000" />
                <param name="Thickness" value="0.00000" />
                <param name="Grain" value="NoGrain" />
              </properties>
              <images />
              <entities>
                <entity>
                  <properties>
                    <param name="Typ" value="ProductionOrder" />
                    <param name="Barcode" value="10248667" />
                    <param name="ArticleNumber" value="16396" />
                    <param name="ArticleDescription" value="Drawer front" />
                    <param name="ArticleGroup" value="Front" />
                    <param name="StartDatePlanned" value="2020-02-17T19:00:28.6633333Z" />
                    <param name="Quantity" value="1.00000" />
                    <param name="QuantityUnit" value="pcs" />
                    <param name="Length" value="246.50000" />
                    <param name="Width" value="470.25000" />
                    <param name="Thickness" value="20.60000" />
                    <param name="Grain" value="Lengthwise" />
                    <param name="Material" value="HG_MAT_PB" />
                    <param name="EdgeDiagramm" value=":::" />
                    <param name="FrontLaminate" value="iX_HPL_White_G" />
                    <param name="BackLaminate" value="iX_HPL_White_G" />
                    <param name="EdgeFront" value="EG_U999_ST2_2" />
                    <param name="EdgeRight" value="EG_U999_ST2_2" />
                    <param name="EdgeBack" value="EG_U999_ST2_2" />
                    <param name="EdgeLeft" value="EG_U999_ST2_2" />
                  </properties>
                  <images>
                    <image>
                      <properties>
                        <param name="Category" value="OverviewImage" />
                        <param name="Description" value="PART" />
                        <param name="OriginalFileName" value="16396.jpg" />
                        <param name="ImageLinkPicture" value="Images\16396.jpg.Cropped.png" />
                      </properties>
                    </image>
                    <image>
                      <properties>
                        <param name="Category" value="ReportLabel" />
                        <param name="Description" value="Label" />
                        <param name="OriginalFileName" value="10248667_lbl.pdf" />
                        <param name="ImageLinkBinary" value="Images\10248667_lbl.pdf" />
                        <param name="ImageLinkPicture" value="Images\10248667_lbl.pdf.Default.png" />
                      </properties>
                    </image>
                  </images>
                </entity>
                <entity>
                  <properties>
                    <param name="Typ" value="ProductionOrder" />
                    <param name="Barcode" value="10248668" />
                    <param name="ArticleNumber" value="16399" />
                    <param name="ArticleDescription" value="Schubkastenboden" />
                    <param name="StartDatePlanned" value="2020-02-17T19:00:28.6633333Z" />
                    <param name="Quantity" value="1.00000" />
                    <param name="QuantityUnit" value="pcs" />
                    <param name="Length" value="397.75000" />
                    <param name="Width" value="425.50000" />
                    <param name="Thickness" value="16.00000" />
                    <param name="Grain" value="NoGrain" />
                    <param name="EdgeDiagramm" value=":::" />
                  </properties>
                  <images>
                    <image>
                      <properties>
                        <param name="Category" value="OverviewImage" />
                        <param name="Description" value="PART" />
                        <param name="OriginalFileName" value="16399.jpg" />
                        <param name="ImageLinkPicture" value="Images\16399.jpg.Cropped.png" />
                      </properties>
                    </image>
                    <image>
                      <properties>
                        <param name="Category" value="ReportLabel" />
                        <param name="Description" value="Label" />
                        <param name="OriginalFileName" value="10248668_lbl.pdf" />
                        <param name="ImageLinkBinary" value="Images\10248668_lbl.pdf" />
                        <param name="ImageLinkPicture" value="Images\10248668_lbl.pdf.Default.png" />
                      </properties>
                    </image>
                  </images>
                </entity>
                <entity>
                  <properties>
                    <param name="Typ" value="ProductionOrder" />
                    <param name="Barcode" value="10248669" />
                    <param name="ArticleNumber" value="16400" />
                    <param name="ArticleDescription" value="Schubkastenseite" />
                    <param name="StartDatePlanned" value="2020-02-17T19:00:28.6633333Z" />
                    <param name="Quantity" value="1.00000" />
                    <param name="QuantityUnit" value="pcs" />
                    <param name="Length" value="386.25000" />
                    <param name="Width" value="176.00000" />
                    <param name="Thickness" value="16.00000" />
                    <param name="Grain" value="NoGrain" />
                    <param name="EdgeDiagramm" value=":::" />
                  </properties>
                  <images>
                    <image>
                      <properties>
                        <param name="Category" value="ReportLabel" />
                        <param name="Description" value="Label" />
                        <param name="OriginalFileName" value="10248669_lbl.pdf" />
                        <param name="ImageLinkBinary" value="Images\10248669_lbl.pdf" />
                        <param name="ImageLinkPicture" value="Images\10248669_lbl.pdf.Default.png" />
                      </properties>
                    </image>
                    <image>
                      <properties>
                        <param name="Category" value="OverviewImage" />
                        <param name="Description" value="PART" />
                        <param name="OriginalFileName" value="16400.jpg" />
                        <param name="ImageLinkPicture" value="Images\16400.jpg.Cropped.png" />
                      </properties>
                    </image>
                  </images>
                </entity>
              </entities>
            </entity>
          </entities>
        </entity>
      </entities>
    </order>
  </orders>
</project>